{"cameraMode":{"drawMode":0,"name":"Shaded","section":"Shading Mode"},"sceneLighting":false,"audioPlay":false,"sceneViewState":{"m_AlwaysRefresh":false,"showFog":false,"showSkybox":false,"showFlares":false,"showImageEffects":false,"showParticleSystems":false,"showVisualEffectGraphs":true,"m_FxEnabled":true},"in2DMode":false,"pivot":{"x":0.023173213005065919,"y":1.4022793769836426,"z":0.4952374994754791},"rotation":{"x":-0.029213296249508859,"y":0.631709098815918,"z":-0.02399277314543724,"w":-0.7743819952011108},"size":2.445050001144409,"orthographic":false}