{"cameraMode":{"drawMode":0,"name":"Shaded","section":"Shading Mode"},"sceneLighting":false,"audioPlay":false,"sceneViewState":{"m_AlwaysRefresh":false,"showFog":false,"showSkybox":false,"showFlares":false,"showImageEffects":false,"showParticleSystems":false,"showVisualEffectGraphs":true,"m_FxEnabled":true},"in2DMode":false,"pivot":{"x":0.00006628036499023438,"y":0.8811613321304321,"z":0.06426587700843811},"rotation":{"x":0.07175466418266297,"y":-0.5215402841567993,"z":0.044078610837459567,"w":0.8490918874740601},"size":1.5721435546875,"orthographic":false}